種別,漢字,カナ
姓,佐藤,サトウ
姓,鈴木,スズキ
姓,高橋,タカハシ
姓,田中,タナカ
姓,伊藤,イトウ
姓,渡辺,ワタナベ
姓,山本,ヤマモト
姓,中村,ナカムラ
姓,小林,コバヤシ
姓,加藤,カトウ
姓,吉田,ヨシダ
姓,山田,ヤマダ
姓,佐々木,ササキ
姓,山口,ヤマグチ
姓,松本,マツモト
姓,井上,イノウエ
姓,木村,キムラ
姓,林,ハヤシ
姓,斎藤,サイトウ
姓,清水,シミズ
姓,山崎,ヤマザキ
姓,中島,ナカジマ
姓,池田,イケダ
姓,阿部,アベ
姓,橋本,ハシモト
姓,山下,ヤマシタ
姓,森,モリ
姓,石川,イシカワ
姓,前田,マエダ
姓,小川,オガワ
姓,藤田,フジタ
姓,岡田,オカダ
姓,後藤,ゴトウ
姓,長谷川,ハセガワ
姓,石井,イシイ
姓,村上,ムラカミ
姓,近藤,コンドウ
姓,坂本,サカモト
姓,遠藤,エンドウ
姓,青木,アオキ
姓,藤井,フジイ
姓,西村,ニシムラ
姓,福田,フクダ
姓,太田,オオタ
姓,三浦,ミウラ
姓,藤原,フジワラ
姓,岡本,オカモト
姓,松田,マツダ
姓,中川,ナカガワ
姓,中野,ナカノ
姓,原田,ハラダ
姓,小野,オノ
姓,田村,タムラ
姓,竹内,タケウチ
姓,金子,カネコ
姓,和田,ワダ
姓,中山,ナカヤマ
姓,石田,イシダ
姓,上田,ウエダ
姓,森田,モリタ
姓,原,ハラ
姓,柴田,シバタ
姓,酒井,サカイ
姓,工藤,クドウ
姓,横山,ヨコヤマ
姓,宮崎,ミヤザキ
姓,宮本,ミヤモト
姓,内田,ウチダ
姓,高木,タカギ
姓,安藤,アンドウ
姓,島田,シマダ
姓,谷口,タニグチ
姓,大野,オオノ
姓,高田,タカダ
姓,丸山,マルヤマ
姓,今井,イマイ
姓,河野,カワノ
姓,藤本,フジモト
姓,村田,ムラタ
姓,武田,タケダ
姓,上野,ウエノ
姓,杉山,スギヤマ
姓,増田,マスダ
姓,小島,コジマ
姓,小山,コヤマ
姓,大塚,オオツカ
姓,平野,ヒラノ
姓,菅原,スガワラ
姓,久保,クボ
姓,松井,マツイ
姓,千葉,チバ
姓,岩崎,イワサキ
姓,桜井,サクライ
姓,木下,キノシタ
姓,野口,ノグチ
姓,松尾,マツオ
姓,野村,ノムラ
姓,菊地,キクチ
姓,佐野,サノ
姓,大西,オオニシ
姓,杉本,スギモト
姓,新井,アライ
姓,浜田,ハマダ
姓,市川,イチカワ
姓,水野,ミズノ
姓,高野,タカノ
姓,平田,ヒラタ
姓,河合,カワイ
姓,吉川,ヨシカワ
姓,飯田,イイダ
姓,大橋,オオハシ
姓,中田,ナカタ
姓,松岡,マツオカ
姓,中西,ナカニシ
姓,小松,コマツ
姓,川口,カワグチ
姓,西田,ニシダ
姓,五十嵐,イガラシ
姓,北村,キタムラ
姓,安田,ヤスダ
姓,関根,セキネ
姓,岩田,イワタ
姓,土屋,ツチヤ
姓,川崎,カワサキ
姓,福島,フクシマ
姓,本田,ホンダ
姓,榎本,エノモト
姓,辻,ツジ
姓,永井,ナガイ
姓,川上,カワカミ
姓,星,ホシ
姓,小池,コイケ
姓,南,ミナミ
姓,渡部,ワタベ
姓,大久保,オオクボ
姓,西川,ニシカワ
姓,松浦,マツウラ
姓,岡,オカ
姓,沢田,サワダ
姓,内藤,ナイトウ
姓,古川,フルカワ
姓,石原,イシハラ
姓,松下,マツシタ
姓,大谷,オオタニ
姓,平井,ヒライ
姓,吉岡,ヨシオカ
姓,秋山,アキヤマ
姓,大森,オオモリ
姓,望月,モチヅキ
姓,杉浦,スギウラ
姓,本間,ホンマ
姓,尾崎,オザキ
姓,小泉,コイズミ
姓,三宅,ミヤケ
姓,宮田,ミヤタ
姓,篠原,シノハラ
姓,神田,カンダ
姓,矢野,ヤノ
姓,宮下,ミヤシタ
姓,黒田,クロダ
姓,高梨,タカナシ
姓,萩原,ハギワラ
姓,大島,オオシマ
姓,服部,ハットリ
姓,吉村,ヨシムラ
姓,西山,ニシヤマ
姓,永田,ナガタ
姓,森本,モリモト
姓,樋口,ヒグチ
姓,松村,マツムラ
姓,福井,フクイ
姓,大石,オオイシ
姓,奥村,オクムラ
姓,山内,ヤマウチ
姓,堀,ホリ
姓,吉野,ヨシノ
姓,荒井,アライ
姓,高山,タカヤマ
姓,白石,シライシ
姓,森下,モリシタ
姓,成田,ナリタ
姓,稲垣,イナガキ
姓,岸,キシ
姓,古賀,コガ
姓,堀江,ホリエ
姓,田口,タグチ
姓,江口,エグチ
姓,小西,コニシ
姓,渡瀬,ワタセ
姓,加賀,カガ
姓,青山,アオヤマ
姓,川島,カワシマ
姓,三上,ミカミ
姓,井口,イグチ
姓,越智,オチ
姓,片山,カタヤマ
姓,岡崎,オカザキ
姓,富田,トミタ
姓,荻野,オギノ
姓,今村,イマムラ
姓,桑原,クワバラ
姓,西本,ニシモト
姓,大内,オオウチ
姓,小田,オダ
姓,尾形,オガタ
名,太郎,タロウ
名,次郎,ジロウ
名,三郎,サブロウ
名,一郎,イチロウ
名,四郎,シロウ
名,五郎,ゴロウ
名,健太,ケンタ
名,大輔,ダイスケ
名,翔太,ショウタ
名,拓海,タクミ
名,悠太,ユウタ
名,健二,ケンジ
名,浩二,コウジ
名,信夫,ノブオ
名,和也,カズヤ
名,雄一,ユウイチ
名,誠,マコト
名,隆,タカシ
名,修,オサム
名,剛,ツヨシ
名,徹,トオル
名,博,ヒロシ
名,学,マナブ
名,涼,リョウ
名,亮,アキラ
名,豊,ユタカ
名,実,ミノル
名,進,ススム
名,勝,カツ
名,守,マモル
名,翔,ショウ
名,蓮,レン
名,大和,ヤマト
名,湊,ミナト
名,陸,リク
名,悠人,ハルト
名,颯太,ソウタ
名,陽太,ヨウタ
名,悠真,ユウマ
名,大翔,ヒロト
名,和彦,カズヒコ
名,正男,マサオ
名,秀樹,ヒデキ
名,康夫,ヤスオ
名,光男,ミツオ
名,義男,ヨシオ
名,清,キヨシ
名,勇,イサム
名,茂,シゲル
名,稔,ミノル
名,達也,タツヤ
名,直樹,ナオキ
名,裕介,ユウスケ
名,慎一,シンイチ
名,智也,トモヤ
名,亮太,リョウタ
名,圭介,ケイスケ
名,隼人,ハヤト
名,涼介,リョウスケ
名,竜也,タツヤ
名,浩之,ヒロユキ
名,正樹,マサキ
名,英樹,ヒデキ
名,康弘,ヤスヒロ
名,昌彦,マサヒコ
名,敏之,トシユキ
名,孝之,タカユキ
名,雅彦,マサヒコ
名,明彦,アキヒコ
名,哲也,テツヤ
名,純一,ジュンイチ
名,賢治,ケンジ
名,雄二,ユウジ
名,幸雄,ユキオ
名,忠夫,タダオ
名,昭三,ショウゾウ
名,正一,ショウイチ
名,良夫,ヨシオ
名,友和,トモカズ
名,克彦,カツヒコ
名,花子,ハナコ
名,美咲,ミサキ
名,咲良,サクラ
名,彩香,アヤカ
名,直子,ナオコ
名,恵美,エミ
名,千尋,チヒロ
名,優子,ユウコ
名,京子,キョウコ
名,幸子,サチコ
名,洋子,ヨウコ
名,明美,アケミ
名,智子,トモコ
名,陽子,ハルコ
名,里美,サトミ
名,愛子,アイコ
名,麻衣,マイ
名,絵理,エリ
名,加奈,カナ
名,香織,カオリ
名,真紀,マキ
名,由美,ユミ
名,久美,クミ
名,恵子,ケイコ
名,典子,ノリコ
名,弘子,ヒロコ
名,節子,セツコ
名,文子,フミコ
名,和子,カズコ
名,良子,リョウコ
名,敏子,トシコ
名,春子,ハルコ
名,夏子,ナツコ
名,秋子,アキコ
名,冬子,フユコ
名,光子,ミツコ
名,貞子,サダコ
名,芳子,ヨシコ
名,清子,キヨコ
名,房子,フサコ
名,結衣,ユイ
名,陽菜,ヒナ
名,葵,アオイ
名,芽衣,メイ
名,凛,リン
名,莉子,リコ
名,咲希,サキ
名,美羽,ミウ
名,心愛,ココア
名,結菜,ユイナ
名,彩乃,アヤノ
名,優奈,ユウナ
名,桃花,モモカ
名,美月,ミツキ
名,琴音,コトネ
名,杏奈,アンナ
名,千夏,チナツ
名,遥,ハルカ
名,楓,カエデ
名,菜月,ナツキ
名,美穂,ミホ
名,沙織,サオリ
名,知美,トモミ
名,由香,ユカ
名,裕美,ヒロミ
名,直美,ナオミ
名,真理,マリ
名,千春,チハル
名,亜紀,アキ
名,京香,キョウカ
名,彩美,アヤミ
名,瑞穂,ミズホ
名,綾子,アヤコ
名,真美,マミ
名,有希,ユキ
名,美香,ミカ
名,理恵,リエ
名,絵美,エミ
名,奈美,ナミ
名,佳代,カヨ
名,健一,ケンイチ
名,大樹,ダイキ
名,拓也,タクヤ
名,翔平,ショウヘイ
名,勇気,ユウキ
名,光輝,コウキ
名,大地,ダイチ
名,海斗,カイト
名,悠斗,ユウト
名,竜太,リュウタ
名,昇,ノボル
名,巌,イワオ
名,満,ミツル
名,治,オサム
名,譲,ユズル
名,薫,カオル
名,温,アツシ
名,潤,ジュン
名,環,タマキ
名,泉,イズミ
名,一男,カズオ
名,三男,ミツオ
名,四男,シオ
名,五男,イツオ
名,六郎,ロクロウ
名,七郎,シチロウ
名,八郎,ハチロウ
名,九郎,クロウ
名,十郎,ジュウロウ
名,百合,ユリ
名,千代,チヨ
名,梅,ウメ
名,松,マツ
名,竹,タケ
名,菊,キク
名,蘭,ラン
名,藤,フジ
名,椿,ツバキ
名,楠,クスノキ
名,桐,キリ
