横東,,,,,,,,,,
,,,,,2026/5,,,2026/6,,
共有,テーブル名,データ説明,"想定件数
（性能実施時）",更改当初件数,取得日,件数,想定件数比率,取得日,件数,想定件数比率
aml,シミュレーション環境設定(CNF_ENV_FOR_SIM_TBL),説明,0,0,2026/6/3 1:00,0,,2026/7/1 1:00,0,
,セキュリティ設定(CNF_SEC_TBL),説明,18,1,2026/6/3 1:00,1,,2026/7/1 1:00,1,
,リスト履歴(HST_LIST_FOR_HISTORY_TBL),説明,475689,8073,2026/6/3 1:00,243247,,2026/7/1 1:00,270215,
,操作履歴(HST_OPE_TBL),説明,0,0,2026/6/3 1:00,0,,2026/7/1 1:00,0,
,履歴用補足(HST_REF_FOR_HISTORY_TBL),説明,471604,7871,2026/6/3 1:00,242789,,2026/7/1 1:00,270120,
,CIFファイルアップロード管理(MNG_CIF_FILE_UPLOAD_TBL),説明,1121,1,2026/6/3 1:00,155,,2026/7/1 1:00,169,
,リストファイルアップロード管理（バッチ）(MNG_LIST_FILE_UPLOAD_BATCH_TBL),説明,55139,116,2026/6/3 1:00,4282,,2026/7/1 1:00,4730,
,参照用リスト管理(MNG_LIST_FOR_READ_TBL),説明,55261436,1308833,2026/6/3 1:00,1366696,,2026/7/1 1:00,1372984,
,テスト用ダミー(DUMMY_NOT_IN_FILE_TBL),説明,0,0,2026/6/3 1:00,0,,2026/7/1 1:00,,
aml01,シミュレーション環境設定(CNF_ENV_FOR_SIM_TBL),説明,0,0,2026/6/3 1:00,0,,2026/7/1 1:00,0,
,セキュリティ設定(CNF_SEC_TBL),説明,18,1,2026/6/3 1:00,1,,2026/7/1 1:00,1,
,リスト履歴(HST_LIST_FOR_HISTORY_TBL),説明,475689,8073,2026/6/3 1:00,243247,,2026/7/1 1:00,270215,
,操作履歴(HST_OPE_TBL),説明,0,0,2026/6/3 1:00,0,,2026/7/1 1:00,0,
,履歴用補足(HST_REF_FOR_HISTORY_TBL),説明,471604,7871,2026/6/3 1:00,242789,,2026/7/1 1:00,270120,
,CIFファイルアップロード管理(MNG_CIF_FILE_UPLOAD_TBL),説明,1121,1,2026/6/3 1:00,155,,2026/7/1 1:00,169,
,リストファイルアップロード管理（バッチ）(MNG_LIST_FILE_UPLOAD_BATCH_TBL),説明,55139,116,2026/6/3 1:00,4282,,2026/7/1 1:00,4730,
,参照用リスト管理(MNG_LIST_FOR_READ_TBL),説明,55261436,1308833,2026/6/3 1:00,1366696,,2026/7/1 1:00,1372984,
,テスト用ダミー(DUMMY_NOT_IN_FILE_TBL),説明,0,0,2026/6/3 1:00,0,,2026/7/1 1:00,,
