relid,schemaname,relname,seq_scan,last_seq_scan,seq_tup_read,idx_scan,last_idx_scan,idx_tup_fetch,n_tup_ins,n_tup_upd,n_tup_del,n_tup_hot_upd,n_tup_newpage_upd,n_live_tup,n_dead_tup,n_mod_since_analyze,n_ins_since_vacuum,last_vacuum,last_autovacuum,last_analyze,last_autoanalyze,vacuum_count,autovacuum_count,analyze_count,autoanalyze_count
632651,aml,cnf_env_for_sim_tbl,4743,2026-07-31 22:41:00.18016+09,0,0,,0,1477314,577700,0,1136482,0,0,0,0,0,,2026-07-31 22:43:00.714595+09,,2026-07-31 22:43:00.715234+09,292,632,293,12
632654,aml,cnf_sec_tbl,2415,2026-07-31 22:41:00.18016+09,100,3093002,2026-07-31 22:41:00.18016+09,927450,1231209,142997,0,342482,0,1,0,0,0,,2026-07-31 22:43:00.714595+09,,2026-07-31 22:43:00.715234+09,292,2294,293,90
632657,aml,hst_list_for_history_tbl,3813,2026-07-31 22:41:00.18016+09,24434438,5064595,2026-07-31 22:41:00.18016+09,18126143,1490608,593957,0,1137238,0,298431,7127,0,0,,2026-07-31 22:43:00.714595+09,,2026-07-31 22:43:00.715234+09,292,1435,293,31
632662,aml,hst_ope_tbl,6282,2026-07-31 22:41:00.18016+09,0,0,,0,500946,285040,0,141028,0,0,0,0,0,,2026-07-31 22:43:00.714595+09,,2026-07-31 22:43:00.715234+09,292,1298,293,28
632668,aml,hst_ref_for_history_tbl,4614,2026-07-31 22:41:00.18016+09,109101211,1870425,2026-07-31 22:41:00.18016+09,1130470,879482,1159242,0,836055,0,297992,6176,0,0,,2026-07-31 22:43:00.714595+09,,2026-07-31 22:43:00.715234+09,292,164,293,20
632673,aml,mng_cif_file_upload_tbl,4201,2026-07-31 22:41:00.18016+09,35521,120414,2026-07-31 22:41:00.18016+09,11804973,989223,792860,0,905300,0,183,0,0,0,,2026-07-31 22:43:00.714595+09,,2026-07-31 22:43:00.715234+09,292,1269,293,12
632676,aml,mng_list_file_upload_batch_tbl,5147,2026-07-31 22:41:00.18016+09,1021647,369915,2026-07-31 22:41:00.18016+09,5389167,725250,1031150,0,482233,0,5178,96,0,0,,2026-07-31 22:43:00.714595+09,,2026-07-31 22:43:00.715234+09,292,2252,293,97
632681,aml,mng_list_for_read_tbl,5269,2026-07-31 22:41:00.18016+09,35353322,1066546,2026-07-31 22:41:00.18016+09,3275385,532616,427680,0,382819,0,1379551,5995,0,0,,2026-07-31 22:43:00.714595+09,,2026-07-31 22:43:00.715234+09,292,1769,293,47
632751,aml01,cnf_env_for_sim_tbl,331,2026-07-31 22:41:00.18016+09,0,0,,0,1574398,717031,0,368149,0,0,0,0,0,,2026-07-31 22:43:00.714595+09,,2026-07-31 22:43:00.715234+09,292,1174,293,99
632754,aml01,cnf_sec_tbl,4353,2026-07-31 22:41:00.18016+09,215,3860196,2026-07-31 22:41:00.18016+09,7788269,991233,779006,0,1319974,0,1,1,0,0,,2026-07-31 22:43:00.714595+09,,2026-07-31 22:43:00.715234+09,292,751,293,88
632757,aml01,hst_list_for_history_tbl,7306,2026-07-31 22:41:00.18016+09,17030146,4023052,2026-07-31 22:41:00.18016+09,13466387,772283,292734,0,1337647,0,298431,4106,0,0,,2026-07-31 22:43:00.714595+09,,2026-07-31 22:43:00.715234+09,292,662,293,24
632762,aml01,hst_ope_tbl,3756,2026-07-31 22:41:00.18016+09,0,0,,0,291173,498238,0,1340666,0,0,0,0,0,,2026-07-31 22:43:00.714595+09,,2026-07-31 22:43:00.715234+09,292,373,293,8
632768,aml01,hst_ref_for_history_tbl,271,2026-07-31 22:41:00.18016+09,37566308,4379103,2026-07-31 22:41:00.18016+09,13272941,798693,11,0,1114707,0,297992,3320,0,0,,2026-07-31 22:43:00.714595+09,,2026-07-31 22:43:00.715234+09,292,819,293,19
632773,aml01,mng_cif_file_upload_tbl,2528,2026-07-31 22:41:00.18016+09,26748,2234762,2026-07-31 22:41:00.18016+09,19017088,332568,963626,0,929943,0,183,2,0,0,,2026-07-31 22:43:00.714595+09,,2026-07-31 22:43:00.715234+09,292,1308,293,66
632776,aml01,mng_list_file_upload_batch_tbl,1140,2026-07-31 22:41:00.18016+09,212849,4020274,2026-07-31 22:41:00.18016+09,12728796,1710292,897738,0,740313,0,5178,105,0,0,,2026-07-31 22:43:00.714595+09,,2026-07-31 22:43:00.715234+09,292,1719,293,87
632781,aml01,mng_list_for_read_tbl,4148,2026-07-31 22:41:00.18016+09,547710406,1469944,2026-07-31 22:41:00.18016+09,1685424,471584,477890,0,178433,0,1379551,31644,0,0,,2026-07-31 22:43:00.714595+09,,2026-07-31 22:43:00.715234+09,292,1234,293,33
