業務日,コンピュータ,ジョブグループ,開始日付,開始時刻,終了日付,終了時刻,処理時間,サブタスク数,業務日の曜日,警告
2026/09/01,CAWOCP003,オンライン開始処理,2026/09/01,07:00:00,2026/09/01,07:05:00,0:05:00,1,火曜,
2026/09/01,CAWOCP003,二次バックアップ処理,2026/09/01,14:00:00,2026/09/01,14:05:00,0:05:00,1,火曜,
2026/09/01,CAWOCP003,二次バックアップ強制終了処理,2026/09/01,20:00:00,2026/09/01,20:04:00,0:04:00,1,火曜,
2026/09/01,CAWOCP003,オンライン停止処理,2026/09/01,21:32:00,2026/09/01,21:35:00,0:03:00,1,火曜,
2026/09/01,CAWOCP003,リスト作成処理・リスト反映処理,2026/09/01,22:02:00,2026/09/01,22:21:00,0:19:00,2,火曜,
2026/09/01,CAWOCP003,業後処理,2026/09/01,22:32:00,2026/09/01,22:45:00,0:13:00,3,火曜,
2026/09/01,CAWOCP003,環境初期化処理,2026/09/02,01:07:00,2026/09/02,01:11:00,0:04:00,1,火曜,
2026/09/01,CAWOCP003,全量フィルタリング,2026/09/02,01:10:00,2026/09/02,02:23:00,1:13:00,1,火曜,
2026/09/01,CAWOCP003,対象ファイル到着時間チェック処理,2026/09/02,02:23:00,2026/09/02,02:25:00,0:02:00,1,火曜,
2026/09/01,CAWOCP003,ユーザ情報取込処理,2026/09/02,02:25:00,2026/09/02,02:27:00,0:02:00,1,火曜,
2026/09/01,CAWOCP003,差分CIFバッチフィルタリング処理,2026/09/02,02:29:00,2026/09/02,02:34:00,0:05:00,1,火曜,
2026/09/01,CAWOCP003,検索対象者一覧バッチフィルタリング処理,2026/09/02,02:37:00,2026/09/02,02:45:00,0:08:00,1,火曜,
2026/09/01,CAWOCP003,バッチフィルタリング後処理,2026/09/02,02:43:00,2026/09/02,02:45:00,0:02:00,1,火曜,
2026/09/01,CAWOCP004,オンライン開始処理,2026/09/01,07:02:00,2026/09/01,07:09:00,0:07:00,1,火曜,
2026/09/01,CAWOCP004,オンライン停止処理,2026/09/01,21:30:00,2026/09/01,21:36:00,0:06:00,1,火曜,
2026/09/01,CAWOCP004,業後処理,2026/09/01,22:30:00,2026/09/01,22:42:00,0:12:00,2,火曜,
2026/09/01,CAWOCP004,リスト反映処理,2026/09/02,00:31:00,2026/09/02,01:12:00,1:41:00,1,火曜,
2026/09/02,CAWOCP003,オンライン開始処理,2026/09/02,07:00:00,2026/09/02,07:06:00,0:06:00,1,水曜,
2026/09/02,CAWOCP003,二次バックアップ処理,2026/09/02,14:01:00,2026/09/02,14:03:00,0:02:00,1,水曜,
2026/09/02,CAWOCP003,二次バックアップ強制終了処理,2026/09/02,20:02:00,2026/09/02,20:06:00,0:04:00,1,水曜,
2026/09/02,CAWOCP003,オンライン停止処理,2026/09/02,21:30:00,2026/09/02,21:33:00,0:03:00,1,水曜,
2026/09/02,CAWOCP003,リスト作成処理・リスト反映処理,2026/09/02,22:01:00,2026/09/02,22:18:00,0:17:00,2,水曜,
2026/09/02,CAWOCP003,業後処理,2026/09/02,22:31:00,2026/09/02,22:43:00,0:12:00,3,水曜,
2026/09/02,CAWOCP003,環境初期化処理,2026/09/03,01:05:00,2026/09/03,01:09:00,0:04:00,1,水曜,
2026/09/02,CAWOCP003,全量フィルタリング,2026/09/03,01:12:00,2026/09/03,02:23:00,1:11:00,1,水曜,
2026/09/02,CAWOCP003,対象ファイル到着時間チェック処理,2026/09/03,02:21:00,2026/09/03,02:25:00,0:04:00,1,水曜,
2026/09/02,CAWOCP003,ユーザ情報取込処理,2026/09/03,02:25:00,2026/09/03,02:28:00,0:03:00,1,水曜,
2026/09/02,CAWOCP003,差分CIFバッチフィルタリング処理,2026/09/03,02:29:00,2026/09/03,02:35:00,0:06:00,1,水曜,
2026/09/02,CAWOCP003,検索対象者一覧バッチフィルタリング処理,2026/09/03,02:37:00,2026/09/03,02:45:00,0:08:00,1,水曜,
2026/09/02,CAWOCP003,バッチフィルタリング後処理,2026/09/03,02:41:00,2026/09/03,02:42:00,0:01:00,1,水曜,
2026/09/02,CAWOCP004,オンライン開始処理,2026/09/02,07:02:00,2026/09/02,07:06:00,0:04:00,1,水曜,
2026/09/02,CAWOCP004,オンライン停止処理,2026/09/02,21:32:00,2026/09/02,21:40:00,0:08:00,1,水曜,
2026/09/02,CAWOCP004,業後処理,2026/09/02,22:32:00,2026/09/02,22:42:00,0:10:00,2,水曜,
2026/09/02,CAWOCP004,リスト反映処理,2026/09/03,00:30:00,2026/09/03,01:11:00,1:41:00,1,水曜,
2026/09/03,CAWOCP003,オンライン開始処理,2026/09/03,07:00:00,2026/09/03,07:06:00,0:06:00,1,木曜,
2026/09/03,CAWOCP003,二次バックアップ処理,2026/09/03,14:01:00,2026/09/03,14:04:00,0:03:00,1,木曜,
2026/09/03,CAWOCP003,二次バックアップ強制終了処理,2026/09/03,20:00:00,2026/09/03,20:03:00,0:03:00,1,木曜,
2026/09/03,CAWOCP003,オンライン停止処理,2026/09/03,21:32:00,2026/09/03,21:34:00,0:02:00,1,木曜,
2026/09/03,CAWOCP003,リスト作成処理・リスト反映処理,2026/09/03,22:00:00,2026/09/03,22:16:00,0:16:00,2,木曜,
2026/09/03,CAWOCP003,業後処理,2026/09/03,22:30:00,2026/09/03,22:44:00,0:14:00,3,木曜,
2026/09/03,CAWOCP003,環境初期化処理,2026/09/04,01:06:00,2026/09/04,01:10:00,0:04:00,1,木曜,
2026/09/03,CAWOCP003,全量フィルタリング,2026/09/04,01:12:00,2026/09/04,02:25:00,1:13:00,1,木曜,
2026/09/03,CAWOCP003,対象ファイル到着時間チェック処理,2026/09/04,02:21:00,2026/09/04,02:23:00,0:02:00,1,木曜,
2026/09/03,CAWOCP003,ユーザ情報取込処理,2026/09/04,02:23:00,2026/09/04,02:24:00,0:01:00,1,木曜,
2026/09/03,CAWOCP003,差分CIFバッチフィルタリング処理,2026/09/04,02:31:00,2026/09/04,02:39:00,0:08:00,1,木曜,
2026/09/03,CAWOCP003,検索対象者一覧バッチフィルタリング処理,2026/09/04,02:37:00,2026/09/04,02:44:00,0:07:00,1,木曜,
2026/09/03,CAWOCP003,バッチフィルタリング後処理,2026/09/04,02:42:00,2026/09/04,02:43:00,0:01:00,1,木曜,
2026/09/03,CAWOCP004,オンライン開始処理,2026/09/03,07:00:00,2026/09/03,07:07:00,0:07:00,1,木曜,
2026/09/03,CAWOCP004,オンライン停止処理,2026/09/03,21:30:00,2026/09/03,21:36:00,0:06:00,1,木曜,
2026/09/03,CAWOCP004,業後処理,2026/09/03,22:32:00,2026/09/03,22:43:00,0:11:00,2,木曜,
2026/09/03,CAWOCP004,リスト反映処理,2026/09/04,00:31:00,2026/09/04,01:14:00,1:43:00,1,木曜,
2026/09/04,CAWOCP003,オンライン開始処理,2026/09/04,07:00:00,2026/09/04,07:05:00,0:05:00,1,金曜,
2026/09/04,CAWOCP003,二次バックアップ処理,2026/09/04,14:00:00,2026/09/04,14:05:00,0:05:00,1,金曜,
2026/09/04,CAWOCP003,二次バックアップ強制終了処理,2026/09/04,20:00:00,2026/09/04,20:03:00,0:03:00,1,金曜,
2026/09/04,CAWOCP003,オンライン停止処理,2026/09/04,21:30:00,2026/09/04,21:31:00,0:01:00,1,金曜,
2026/09/04,CAWOCP003,リスト作成処理・リスト反映処理,2026/09/04,22:02:00,2026/09/04,22:20:00,0:18:00,2,金曜,
2026/09/04,CAWOCP003,業後処理,2026/09/04,22:32:00,2026/09/04,22:46:00,0:14:00,3,金曜,
2026/09/04,CAWOCP003,環境初期化処理,2026/09/05,01:06:00,2026/09/05,01:10:00,0:04:00,1,金曜,
2026/09/04,CAWOCP003,全量フィルタリング,2026/09/05,01:11:00,2026/09/05,02:23:00,1:12:00,1,金曜,
2026/09/04,CAWOCP003,対象ファイル到着時間チェック処理,2026/09/05,02:22:00,2026/09/05,02:26:00,0:04:00,1,金曜,
2026/09/04,CAWOCP003,ユーザ情報取込処理,2026/09/05,02:24:00,2026/09/05,02:27:00,0:03:00,1,金曜,
2026/09/04,CAWOCP003,差分CIFバッチフィルタリング処理,2026/09/05,02:31:00,2026/09/05,02:38:00,0:07:00,1,金曜,
2026/09/04,CAWOCP003,検索対象者一覧バッチフィルタリング処理,2026/09/05,02:37:00,2026/09/05,02:43:00,0:06:00,1,金曜,
2026/09/04,CAWOCP003,バッチフィルタリング後処理,2026/09/05,02:41:00,2026/09/05,02:44:00,0:03:00,1,金曜,
2026/09/04,CAWOCP004,オンライン開始処理,2026/09/04,07:02:00,2026/09/04,07:08:00,0:06:00,1,金曜,
2026/09/04,CAWOCP004,オンライン停止処理,2026/09/04,21:30:00,2026/09/04,21:38:00,0:08:00,1,金曜,
2026/09/04,CAWOCP004,業後処理,2026/09/04,22:32:00,2026/09/04,22:44:00,0:12:00,2,金曜,
2026/09/04,CAWOCP004,リスト反映処理,2026/09/05,00:32:00,2026/09/05,01:12:00,1:40:00,1,金曜,
2026/09/05,CAWOCP003,オンライン開始処理,2026/09/05,07:00:00,2026/09/05,07:05:00,0:05:00,1,土曜,
2026/09/05,CAWOCP003,二次バックアップ処理,2026/09/05,14:00:00,2026/09/05,14:03:00,0:03:00,1,土曜,
2026/09/05,CAWOCP003,二次バックアップ強制終了処理,2026/09/05,20:01:00,2026/09/05,20:04:00,0:03:00,1,土曜,
2026/09/05,CAWOCP003,オンライン停止処理,2026/09/05,21:30:00,2026/09/05,21:31:00,0:01:00,1,土曜,
2026/09/05,CAWOCP003,リスト作成処理・リスト反映処理,2026/09/05,22:00:00,2026/09/05,22:16:00,0:16:00,2,土曜,
2026/09/05,CAWOCP003,業後処理,2026/09/05,22:30:00,2026/09/05,22:43:00,0:13:00,3,土曜,
2026/09/05,CAWOCP003,環境初期化処理,2026/09/06,01:07:00,2026/09/06,01:11:00,0:04:00,1,土曜,
2026/09/05,CAWOCP003,全量フィルタリング,2026/09/06,01:10:00,2026/09/06,02:23:00,1:13:00,1,土曜,
2026/09/05,CAWOCP003,対象ファイル到着時間チェック処理,2026/09/06,02:22:00,2026/09/06,02:23:00,0:01:00,1,土曜,
2026/09/05,CAWOCP003,ユーザ情報取込処理,2026/09/06,02:24:00,2026/09/06,02:25:00,0:01:00,1,土曜,
2026/09/05,CAWOCP003,差分CIFバッチフィルタリング処理,2026/09/06,02:29:00,2026/09/06,02:36:00,0:07:00,1,土曜,
2026/09/05,CAWOCP003,検索対象者一覧バッチフィルタリング処理,2026/09/06,02:37:00,2026/09/06,02:42:00,0:05:00,1,土曜,
2026/09/05,CAWOCP003,バッチフィルタリング後処理,2026/09/06,02:43:00,2026/09/06,02:44:00,0:01:00,1,土曜,
2026/09/05,CAWOCP004,オンライン開始処理,2026/09/05,07:00:00,2026/09/05,07:07:00,0:07:00,1,土曜,
2026/09/05,CAWOCP004,オンライン停止処理,2026/09/05,21:32:00,2026/09/05,21:37:00,0:05:00,1,土曜,
2026/09/05,CAWOCP004,業後処理,2026/09/05,22:32:00,2026/09/05,22:42:00,0:10:00,2,土曜,
2026/09/05,CAWOCP004,リスト反映処理,2026/09/06,00:31:00,2026/09/06,01:13:00,1:42:00,1,土曜,
2026/09/06,CAWOCP003,オンライン開始処理,2026/09/06,07:00:00,2026/09/06,07:07:00,0:07:00,1,日曜,
2026/09/06,CAWOCP003,二次バックアップ処理,2026/09/06,14:00:00,2026/09/06,14:03:00,0:03:00,1,日曜,
2026/09/06,CAWOCP003,二次バックアップ強制終了処理,2026/09/06,20:02:00,2026/09/06,20:06:00,0:04:00,1,日曜,
2026/09/06,CAWOCP003,オンライン停止処理,2026/09/06,21:30:00,2026/09/06,21:32:00,0:02:00,1,日曜,
2026/09/06,CAWOCP003,リスト作成処理,2026/09/06,22:02:00,2026/09/06,22:17:00,0:15:00,1,日曜,
2026/09/06,CAWOCP003,業後処理（週末）,2026/09/06,22:31:00,2026/09/07,00:55:00,2:24:00,3,日曜,
2026/09/06,CAWOCP003,環境初期化処理,2026/09/07,01:07:00,2026/09/07,01:13:00,0:06:00,1,日曜,
2026/09/06,CAWOCP003,全量フィルタリング,2026/09/07,01:11:00,2026/09/07,02:21:00,1:10:00,1,日曜,
2026/09/06,CAWOCP003,対象ファイル到着時間チェック処理,2026/09/07,02:22:00,2026/09/07,02:23:00,0:01:00,1,日曜,
2026/09/06,CAWOCP003,ユーザ情報取込処理,2026/09/07,02:24:00,2026/09/07,02:27:00,0:03:00,1,日曜,
2026/09/06,CAWOCP003,差分CIFバッチフィルタリング処理,2026/09/07,02:30:00,2026/09/07,02:38:00,0:08:00,1,日曜,
2026/09/06,CAWOCP003,検索対象者一覧バッチフィルタリング処理,2026/09/07,02:35:00,2026/09/07,02:41:00,0:06:00,1,日曜,
2026/09/06,CAWOCP003,バッチフィルタリング後処理,2026/09/07,02:42:00,2026/09/07,02:44:00,0:02:00,1,日曜,
2026/09/06,CAWOCP004,オンライン開始処理,2026/09/06,07:02:00,2026/09/06,07:07:00,0:05:00,1,日曜,
2026/09/06,CAWOCP004,オンライン停止処理,2026/09/06,21:32:00,2026/09/06,21:40:00,0:08:00,1,日曜,
2026/09/06,CAWOCP004,業後処理（週末）,2026/09/06,22:30:00,2026/09/07,00:55:00,2:25:00,2,日曜,
2026/09/06,CAWOCP004,リスト反映処理,2026/09/07,00:30:00,2026/09/07,01:11:00,1:41:00,1,日曜,
2026/09/07,CAWOCP003,オンライン開始処理,2026/09/07,07:01:00,2026/09/07,07:07:00,0:06:00,1,月曜,
2026/09/07,CAWOCP003,二次バックアップ処理,2026/09/07,14:02:00,2026/09/07,14:05:00,0:03:00,1,月曜,
2026/09/07,CAWOCP003,二次バックアップ強制終了処理,2026/09/07,20:00:00,2026/09/07,20:03:00,0:03:00,1,月曜,
2026/09/07,CAWOCP003,オンライン停止処理,2026/09/07,21:32:00,2026/09/07,21:36:00,0:04:00,1,月曜,
2026/09/07,CAWOCP003,リスト作成処理・リスト反映処理,2026/09/07,22:01:00,2026/09/07,22:18:00,0:17:00,2,月曜,
2026/09/07,CAWOCP003,業後処理,2026/09/07,22:32:00,2026/09/07,23:07:00,1:35:00,3,月曜,
2026/09/07,CAWOCP003,環境初期化処理,2026/09/08,01:05:00,2026/09/08,01:10:00,0:05:00,1,月曜,
2026/09/07,CAWOCP003,全量フィルタリング,2026/09/08,01:11:00,2026/09/08,02:21:00,1:10:00,1,月曜,
2026/09/07,CAWOCP003,対象ファイル到着時間チェック処理,2026/09/08,02:22:00,2026/09/08,02:26:00,0:04:00,1,月曜,
2026/09/07,CAWOCP003,ユーザ情報取込処理,2026/09/08,02:25:00,2026/09/08,02:26:00,0:01:00,1,月曜,
2026/09/07,CAWOCP003,差分CIFバッチフィルタリング処理,2026/09/08,02:29:00,2026/09/08,02:37:00,0:08:00,1,月曜,
2026/09/07,CAWOCP003,検索対象者一覧バッチフィルタリング処理,2026/09/08,02:36:00,2026/09/08,02:43:00,0:07:00,1,月曜,
2026/09/07,CAWOCP003,バッチフィルタリング後処理,2026/09/08,02:42:00,2026/09/08,02:43:00,0:01:00,1,月曜,
2026/09/07,CAWOCP004,オンライン開始処理,2026/09/07,07:00:00,2026/09/07,07:04:00,0:04:00,1,月曜,
2026/09/07,CAWOCP004,オンライン停止処理,2026/09/07,21:30:00,2026/09/07,21:38:00,0:08:00,1,月曜,
2026/09/07,CAWOCP004,業後処理,2026/09/07,22:30:00,2026/09/07,23:05:00,1:35:00,2,月曜,
2026/09/07,CAWOCP004,リスト反映処理,2026/09/08,00:30:00,2026/09/08,01:13:00,1:43:00,1,月曜,
2026/09/08,CAWOCP003,オンライン開始処理,2026/09/08,07:02:00,2026/09/08,07:06:00,0:04:00,1,火曜,
2026/09/08,CAWOCP003,二次バックアップ処理,2026/09/08,14:01:00,2026/09/08,14:06:00,0:05:00,1,火曜,
2026/09/08,CAWOCP003,二次バックアップ強制終了処理,2026/09/08,20:00:00,2026/09/08,20:04:00,0:04:00,1,火曜,
2026/09/08,CAWOCP003,オンライン停止処理,2026/09/08,21:31:00,2026/09/08,21:33:00,0:02:00,1,火曜,
2026/09/08,CAWOCP003,リスト作成処理・リスト反映処理,2026/09/08,22:00:00,2026/09/08,22:16:00,0:16:00,2,火曜,
2026/09/08,CAWOCP003,業後処理,2026/09/08,22:32:00,2026/09/08,22:46:00,0:14:00,3,火曜,
2026/09/08,CAWOCP003,環境初期化処理,2026/09/09,01:07:00,2026/09/09,01:14:00,0:07:00,1,火曜,
2026/09/08,CAWOCP003,全量フィルタリング,2026/09/09,01:11:00,2026/09/09,02:24:00,1:13:00,1,火曜,
2026/09/08,CAWOCP003,対象ファイル到着時間チェック処理,2026/09/09,02:21:00,2026/09/09,02:22:00,0:01:00,1,火曜,
2026/09/08,CAWOCP003,ユーザ情報取込処理,2026/09/09,02:25:00,2026/09/09,02:29:00,0:04:00,1,火曜,
2026/09/08,CAWOCP003,差分CIFバッチフィルタリング処理,2026/09/09,02:29:00,2026/09/09,02:37:00,0:08:00,1,火曜,
2026/09/08,CAWOCP003,検索対象者一覧バッチフィルタリング処理,2026/09/09,02:35:00,2026/09/09,02:42:00,0:07:00,1,火曜,
2026/09/08,CAWOCP003,バッチフィルタリング後処理,2026/09/09,02:43:00,2026/09/09,02:47:00,0:04:00,1,火曜,
2026/09/08,CAWOCP004,オンライン開始処理,2026/09/08,07:01:00,2026/09/08,07:05:00,0:04:00,1,火曜,
2026/09/08,CAWOCP004,オンライン停止処理,2026/09/08,21:30:00,2026/09/08,21:36:00,0:06:00,1,火曜,
2026/09/08,CAWOCP004,業後処理,2026/09/08,22:30:00,2026/09/08,22:40:00,0:10:00,2,火曜,
2026/09/08,CAWOCP004,リスト反映処理,2026/09/09,00:32:00,2026/09/09,01:12:00,1:40:00,1,火曜,
2026/09/09,CAWOCP003,オンライン開始処理,2026/09/09,07:00:00,2026/09/09,07:05:00,0:05:00,1,水曜,
2026/09/09,CAWOCP003,二次バックアップ処理,2026/09/09,14:01:00,2026/09/09,14:06:00,0:05:00,1,水曜,
2026/09/09,CAWOCP003,二次バックアップ強制終了処理,2026/09/09,20:00:00,2026/09/09,20:01:00,0:01:00,1,水曜,
2026/09/09,CAWOCP003,オンライン停止処理,2026/09/09,21:31:00,2026/09/09,21:32:00,0:01:00,1,水曜,
2026/09/09,CAWOCP003,リスト作成処理・リスト反映処理,2026/09/09,22:01:00,2026/09/09,22:17:00,0:16:00,2,水曜,
2026/09/09,CAWOCP003,業後処理,2026/09/09,22:32:00,2026/09/09,22:45:00,0:13:00,3,水曜,
2026/09/09,CAWOCP003,環境初期化処理,2026/09/10,01:05:00,2026/09/10,01:09:00,0:04:00,1,水曜,
2026/09/09,CAWOCP003,全量フィルタリング,2026/09/10,01:11:00,2026/09/10,02:21:00,1:10:00,1,水曜,
2026/09/09,CAWOCP003,対象ファイル到着時間チェック処理,2026/09/10,02:23:00,2026/09/10,02:25:00,0:02:00,1,水曜,
2026/09/09,CAWOCP003,ユーザ情報取込処理,2026/09/10,02:24:00,2026/09/10,02:26:00,0:02:00,1,水曜,
2026/09/09,CAWOCP003,差分CIFバッチフィルタリング処理,2026/09/10,02:31:00,2026/09/10,02:36:00,0:05:00,1,水曜,
2026/09/09,CAWOCP003,検索対象者一覧バッチフィルタリング処理,2026/09/10,02:37:00,2026/09/10,02:44:00,0:07:00,1,水曜,
2026/09/09,CAWOCP003,バッチフィルタリング後処理,2026/09/10,02:43:00,2026/09/10,02:44:00,0:01:00,1,水曜,
2026/09/09,CAWOCP004,オンライン開始処理,2026/09/09,07:00:00,2026/09/09,07:05:00,0:05:00,1,水曜,
2026/09/09,CAWOCP004,オンライン停止処理,2026/09/09,21:30:00,2026/09/09,21:36:00,0:06:00,1,水曜,
2026/09/09,CAWOCP004,業後処理,2026/09/09,22:30:00,2026/09/09,22:41:00,0:11:00,2,水曜,
2026/09/09,CAWOCP004,リスト反映処理,2026/09/10,00:31:00,2026/09/10,01:13:00,1:42:00,1,水曜,
2026/09/10,CAWOCP003,オンライン開始処理,2026/09/10,07:00:00,2026/09/10,07:05:00,0:05:00,1,木曜,
2026/09/10,CAWOCP003,二次バックアップ処理,2026/09/10,14:00:00,2026/09/10,14:02:00,0:02:00,1,木曜,
2026/09/10,CAWOCP003,二次バックアップ強制終了処理,2026/09/10,20:01:00,2026/09/10,20:04:00,0:03:00,1,木曜,
2026/09/10,CAWOCP003,オンライン停止処理,2026/09/10,21:30:00,2026/09/10,21:33:00,0:03:00,1,木曜,
2026/09/10,CAWOCP003,リスト作成処理・リスト反映処理,2026/09/10,22:01:00,2026/09/10,22:17:00,0:16:00,2,木曜,
2026/09/10,CAWOCP003,業後処理,2026/09/10,22:31:00,2026/09/10,22:45:00,0:14:00,3,木曜,
2026/09/10,CAWOCP003,環境初期化処理,2026/09/11,01:07:00,2026/09/11,01:14:00,0:07:00,1,木曜,
2026/09/10,CAWOCP003,全量フィルタリング,2026/09/11,01:11:00,2026/09/11,02:23:00,1:12:00,1,木曜,
2026/09/10,CAWOCP003,対象ファイル到着時間チェック処理,2026/09/11,02:23:00,2026/09/11,02:25:00,0:02:00,1,木曜,
2026/09/10,CAWOCP003,ユーザ情報取込処理,2026/09/11,02:25:00,2026/09/11,02:26:00,0:01:00,1,木曜,
2026/09/10,CAWOCP003,差分CIFバッチフィルタリング処理,2026/09/11,02:29:00,2026/09/11,02:37:00,0:08:00,1,木曜,
2026/09/10,CAWOCP003,検索対象者一覧バッチフィルタリング処理,2026/09/11,02:35:00,2026/09/11,02:40:00,0:05:00,1,木曜,
2026/09/10,CAWOCP003,バッチフィルタリング後処理,2026/09/11,02:41:00,2026/09/11,02:44:00,0:03:00,1,木曜,
2026/09/10,CAWOCP004,オンライン開始処理,2026/09/10,07:02:00,2026/09/10,07:09:00,0:07:00,1,木曜,
2026/09/10,CAWOCP004,オンライン停止処理,2026/09/10,21:31:00,2026/09/10,21:37:00,0:06:00,1,木曜,
2026/09/10,CAWOCP004,業後処理,2026/09/10,22:31:00,2026/09/10,22:42:00,0:11:00,2,木曜,
2026/09/10,CAWOCP004,リスト反映処理,2026/09/11,00:31:00,2026/09/11,01:11:00,1:40:00,1,木曜,
2026/09/11,CAWOCP003,オンライン開始処理,2026/09/11,07:02:00,2026/09/11,07:09:00,0:07:00,1,金曜,
2026/09/11,CAWOCP003,二次バックアップ処理,2026/09/11,14:02:00,2026/09/11,14:04:00,0:02:00,1,金曜,
2026/09/11,CAWOCP003,二次バックアップ強制終了処理,2026/09/11,20:00:00,2026/09/11,20:01:00,0:01:00,1,金曜,
2026/09/11,CAWOCP003,オンライン停止処理,2026/09/11,21:32:00,2026/09/11,21:33:00,0:01:00,1,金曜,
2026/09/11,CAWOCP003,リスト作成処理・リスト反映処理,2026/09/11,22:01:00,2026/09/11,22:17:00,0:16:00,2,金曜,
2026/09/11,CAWOCP003,業後処理,2026/09/11,22:30:00,2026/09/11,22:45:00,0:15:00,3,金曜,
2026/09/11,CAWOCP003,環境初期化処理,2026/09/12,01:07:00,2026/09/12,01:11:00,0:04:00,1,金曜,
2026/09/11,CAWOCP003,全量フィルタリング,2026/09/12,01:11:00,2026/09/12,02:23:00,1:12:00,1,金曜,
2026/09/11,CAWOCP003,ユーザ情報取込処理,2026/09/12,02:23:00,2026/09/12,02:25:00,0:02:00,1,金曜,
2026/09/11,CAWOCP003,対象ファイル到着時間チェック処理,2026/09/12,02:23:00,2026/09/12,02:27:00,0:04:00,1,金曜,
2026/09/11,CAWOCP003,差分CIFバッチフィルタリング処理,2026/09/12,02:31:00,2026/09/12,02:37:00,0:06:00,1,金曜,
2026/09/11,CAWOCP003,検索対象者一覧バッチフィルタリング処理,2026/09/12,02:35:00,2026/09/12,02:43:00,0:08:00,1,金曜,
2026/09/11,CAWOCP003,バッチフィルタリング後処理,2026/09/12,02:41:00,2026/09/12,02:44:00,0:03:00,1,金曜,
2026/09/11,CAWOCP004,オンライン開始処理,2026/09/11,07:02:00,2026/09/11,07:09:00,0:07:00,1,金曜,
2026/09/11,CAWOCP004,オンライン停止処理,2026/09/11,21:30:00,2026/09/11,21:35:00,0:05:00,1,金曜,
2026/09/11,CAWOCP004,業後処理,2026/09/11,22:30:00,2026/09/11,22:42:00,0:12:00,2,金曜,
2026/09/11,CAWOCP004,リスト反映処理,2026/09/12,00:32:00,2026/09/12,01:14:00,1:42:00,1,金曜,
2026/09/12,CAWOCP003,オンライン開始処理,2026/09/12,07:01:00,2026/09/12,07:06:00,0:05:00,1,土曜,
2026/09/12,CAWOCP003,二次バックアップ処理,2026/09/12,14:02:00,2026/09/12,14:06:00,0:04:00,1,土曜,
2026/09/12,CAWOCP003,二次バックアップ強制終了処理,2026/09/12,20:00:00,2026/09/12,20:01:00,0:01:00,1,土曜,
2026/09/12,CAWOCP003,オンライン停止処理,2026/09/12,21:31:00,2026/09/12,21:34:00,0:03:00,1,土曜,
2026/09/12,CAWOCP003,リスト作成処理・リスト反映処理,2026/09/12,22:02:00,2026/09/12,22:19:00,0:17:00,2,土曜,
2026/09/12,CAWOCP003,業後処理,2026/09/12,22:31:00,2026/09/12,22:45:00,0:14:00,3,土曜,
2026/09/12,CAWOCP003,環境初期化処理,2026/09/13,01:06:00,2026/09/13,01:10:00,0:04:00,1,土曜,
2026/09/12,CAWOCP003,全量フィルタリング,2026/09/13,01:10:00,2026/09/13,02:22:00,1:12:00,1,土曜,
2026/09/12,CAWOCP003,対象ファイル到着時間チェック処理,2026/09/13,02:22:00,2026/09/13,02:23:00,0:01:00,1,土曜,
2026/09/12,CAWOCP003,ユーザ情報取込処理,2026/09/13,02:23:00,2026/09/13,02:27:00,0:04:00,1,土曜,
2026/09/12,CAWOCP003,差分CIFバッチフィルタリング処理,2026/09/13,02:29:00,2026/09/13,02:35:00,0:06:00,1,土曜,
2026/09/12,CAWOCP003,検索対象者一覧バッチフィルタリング処理,2026/09/13,02:37:00,2026/09/13,02:45:00,0:08:00,1,土曜,
2026/09/12,CAWOCP003,バッチフィルタリング後処理,2026/09/13,02:43:00,2026/09/13,02:47:00,0:04:00,1,土曜,
2026/09/12,CAWOCP004,オンライン開始処理,2026/09/12,07:01:00,2026/09/12,07:05:00,0:04:00,1,土曜,
2026/09/12,CAWOCP004,オンライン停止処理,2026/09/12,21:32:00,2026/09/12,21:40:00,0:08:00,1,土曜,
2026/09/12,CAWOCP004,業後処理,2026/09/12,22:31:00,2026/09/12,22:41:00,0:10:00,2,土曜,
2026/09/12,CAWOCP004,リスト反映処理,2026/09/13,00:30:00,2026/09/13,01:12:00,1:42:00,1,土曜,
2026/09/13,CAWOCP003,オンライン開始処理,2026/09/13,07:00:00,2026/09/13,07:04:00,0:04:00,1,日曜,
2026/09/13,CAWOCP003,二次バックアップ処理,2026/09/13,14:00:00,2026/09/13,14:02:00,0:02:00,1,日曜,
2026/09/13,CAWOCP003,二次バックアップ強制終了処理,2026/09/13,20:02:00,2026/09/13,20:06:00,0:04:00,1,日曜,
2026/09/13,CAWOCP003,オンライン停止処理,2026/09/13,21:31:00,2026/09/13,21:35:00,0:04:00,1,日曜,
2026/09/13,CAWOCP003,リスト作成処理,2026/09/13,22:02:00,2026/09/13,22:18:00,0:16:00,1,日曜,
2026/09/13,CAWOCP003,業後処理（週末）,2026/09/13,22:32:00,2026/09/14,03:32:00,5:00:00,3,日曜,
2026/09/13,CAWOCP003,環境初期化処理,2026/09/14,01:06:00,2026/09/14,01:10:00,0:04:00,1,日曜,
2026/09/13,CAWOCP003,全量フィルタリング,2026/09/14,01:12:00,2026/09/14,02:25:00,1:13:00,1,日曜,
2026/09/13,CAWOCP003,対象ファイル到着時間チェック処理,2026/09/14,02:22:00,2026/09/14,02:26:00,0:04:00,1,日曜,
2026/09/13,CAWOCP003,ユーザ情報取込処理,2026/09/14,02:24:00,2026/09/14,02:28:00,0:04:00,1,日曜,
2026/09/13,CAWOCP003,差分CIFバッチフィルタリング処理,2026/09/14,02:30:00,2026/09/14,02:36:00,0:06:00,1,日曜,
2026/09/13,CAWOCP003,検索対象者一覧バッチフィルタリング処理,2026/09/14,02:36:00,2026/09/14,02:41:00,0:05:00,1,日曜,
2026/09/13,CAWOCP003,バッチフィルタリング後処理,2026/09/14,02:43:00,2026/09/14,02:47:00,0:04:00,1,日曜,
2026/09/13,CAWOCP004,オンライン開始処理,2026/09/13,07:02:00,2026/09/13,07:09:00,0:07:00,1,日曜,
2026/09/13,CAWOCP004,オンライン停止処理,2026/09/13,21:30:00,2026/09/13,21:38:00,0:08:00,1,日曜,
2026/09/13,CAWOCP004,業後処理（週末）,2026/09/13,22:30:00,2026/09/14,03:27:00,5:57:00,2,日曜,
2026/09/13,CAWOCP004,リスト反映処理,2026/09/14,00:32:00,2026/09/14,01:14:00,1:42:00,1,日曜,
2026/09/14,CAWOCP003,オンライン開始処理,2026/09/14,07:01:00,2026/09/14,07:07:00,0:06:00,1,月曜,
2026/09/14,CAWOCP003,二次バックアップ処理,2026/09/14,14:01:00,2026/09/14,14:03:00,0:02:00,1,月曜,
2026/09/14,CAWOCP003,二次バックアップ強制終了処理,2026/09/14,20:02:00,2026/09/14,20:04:00,0:02:00,1,月曜,
2026/09/14,CAWOCP003,オンライン停止処理,2026/09/14,21:30:00,2026/09/14,21:31:00,0:01:00,1,月曜,
2026/09/14,CAWOCP003,リスト作成処理・リスト反映処理,2026/09/14,22:02:00,2026/09/14,22:19:00,0:17:00,2,月曜,
2026/09/14,CAWOCP003,業後処理,2026/09/14,22:30:00,2026/09/14,22:44:00,0:14:00,3,月曜,
2026/09/14,CAWOCP003,環境初期化処理,2026/09/15,01:05:00,2026/09/15,01:12:00,0:07:00,1,月曜,
2026/09/14,CAWOCP003,全量フィルタリング,2026/09/15,01:12:00,2026/09/15,02:23:00,1:11:00,1,月曜,
2026/09/14,CAWOCP003,対象ファイル到着時間チェック処理,2026/09/15,02:22:00,2026/09/15,02:25:00,0:03:00,1,月曜,
2026/09/14,CAWOCP003,ユーザ情報取込処理,2026/09/15,02:23:00,2026/09/15,02:25:00,0:02:00,1,月曜,
2026/09/14,CAWOCP003,差分CIFバッチフィルタリング処理,2026/09/15,02:30:00,2026/09/15,02:37:00,0:07:00,1,月曜,
2026/09/14,CAWOCP003,検索対象者一覧バッチフィルタリング処理,2026/09/15,02:37:00,2026/09/15,02:42:00,0:05:00,1,月曜,
2026/09/14,CAWOCP003,バッチフィルタリング後処理,2026/09/15,02:41:00,2026/09/15,02:42:00,0:01:00,1,月曜,
2026/09/14,CAWOCP004,オンライン開始処理,2026/09/14,07:00:00,2026/09/14,07:04:00,0:04:00,1,月曜,
2026/09/14,CAWOCP004,オンライン停止処理,2026/09/14,21:30:00,2026/09/14,21:38:00,0:08:00,1,月曜,
2026/09/14,CAWOCP004,業後処理,2026/09/14,22:31:00,2026/09/14,22:43:00,0:12:00,2,月曜,
2026/09/14,CAWOCP004,リスト反映処理,2026/09/15,00:32:00,2026/09/15,01:14:00,1:42:00,1,月曜,
2026/09/15,CAWOCP003,オンライン開始処理,2026/09/15,07:00:00,2026/09/15,07:04:00,0:04:00,1,火曜,
2026/09/15,CAWOCP003,二次バックアップ処理,2026/09/15,14:01:00,2026/09/15,14:04:00,0:03:00,1,火曜,
2026/09/15,CAWOCP003,二次バックアップ強制終了処理,2026/09/15,20:00:00,2026/09/15,20:01:00,0:01:00,1,火曜,
2026/09/15,CAWOCP003,オンライン停止処理,2026/09/15,21:31:00,2026/09/15,21:34:00,0:03:00,1,火曜,
2026/09/15,CAWOCP003,リスト作成処理・リスト反映処理,2026/09/15,22:01:00,2026/09/15,22:18:00,0:17:00,2,火曜,
2026/09/15,CAWOCP003,業後処理,2026/09/15,22:30:00,2026/09/15,22:44:00,0:14:00,3,火曜,
2026/09/15,CAWOCP003,環境初期化処理,2026/09/16,01:06:00,2026/09/16,01:10:00,0:04:00,1,火曜,
2026/09/15,CAWOCP003,全量フィルタリング,2026/09/16,01:12:00,2026/09/16,02:25:00,1:13:00,1,火曜,
2026/09/15,CAWOCP003,対象ファイル到着時間チェック処理,2026/09/16,02:21:00,2026/09/16,02:23:00,0:02:00,1,火曜,
2026/09/15,CAWOCP003,ユーザ情報取込処理,2026/09/16,02:24:00,2026/09/16,02:28:00,0:04:00,1,火曜,
2026/09/15,CAWOCP003,差分CIFバッチフィルタリング処理,2026/09/16,02:29:00,2026/09/16,02:37:00,0:08:00,1,火曜,
2026/09/15,CAWOCP003,検索対象者一覧バッチフィルタリング処理,2026/09/16,02:36:00,2026/09/16,02:44:00,0:08:00,1,火曜,
2026/09/15,CAWOCP003,バッチフィルタリング後処理,2026/09/16,02:43:00,2026/09/16,02:45:00,0:02:00,1,火曜,
2026/09/15,CAWOCP004,オンライン開始処理,2026/09/15,07:02:00,2026/09/15,07:08:00,0:06:00,1,火曜,
2026/09/15,CAWOCP004,オンライン停止処理,2026/09/15,21:32:00,2026/09/15,21:40:00,0:08:00,1,火曜,
2026/09/15,CAWOCP004,業後処理,2026/09/15,22:32:00,2026/09/15,22:43:00,0:11:00,2,火曜,
2026/09/15,CAWOCP004,リスト反映処理,2026/09/16,00:32:00,2026/09/16,01:13:00,1:41:00,1,火曜,
2026/09/16,CAWOCP003,オンライン開始処理,2026/09/16,07:02:00,2026/09/16,07:07:00,0:05:00,1,水曜,
2026/09/16,CAWOCP003,二次バックアップ処理,2026/09/16,14:00:00,2026/09/16,14:03:00,0:03:00,1,水曜,
2026/09/16,CAWOCP003,二次バックアップ強制終了処理,2026/09/16,20:01:00,2026/09/16,20:04:00,0:03:00,1,水曜,
2026/09/16,CAWOCP003,オンライン停止処理,2026/09/16,21:31:00,2026/09/16,21:32:00,0:01:00,1,水曜,
2026/09/16,CAWOCP003,リスト作成処理・リスト反映処理,2026/09/16,22:00:00,2026/09/16,22:17:00,0:17:00,2,水曜,
2026/09/16,CAWOCP003,業後処理,2026/09/16,22:30:00,2026/09/16,22:44:00,0:14:00,3,水曜,
2026/09/16,CAWOCP003,環境初期化処理,2026/09/17,01:07:00,2026/09/17,01:13:00,0:06:00,1,水曜,
2026/09/16,CAWOCP003,全量フィルタリング,2026/09/17,01:10:00,2026/09/17,02:23:00,1:13:00,1,水曜,
2026/09/16,CAWOCP003,対象ファイル到着時間チェック処理,2026/09/17,02:21:00,2026/09/17,02:22:00,0:01:00,1,水曜,
2026/09/16,CAWOCP003,ユーザ情報取込処理,2026/09/17,02:25:00,2026/09/17,02:29:00,0:04:00,1,水曜,
2026/09/16,CAWOCP003,差分CIFバッチフィルタリング処理,2026/09/17,02:29:00,2026/09/17,02:34:00,0:05:00,1,水曜,
2026/09/16,CAWOCP003,検索対象者一覧バッチフィルタリング処理,2026/09/17,02:37:00,2026/09/17,02:45:00,0:08:00,1,水曜,
2026/09/16,CAWOCP003,バッチフィルタリング後処理,2026/09/17,02:43:00,2026/09/17,02:46:00,0:03:00,1,水曜,
2026/09/16,CAWOCP004,オンライン開始処理,2026/09/16,07:01:00,2026/09/16,07:06:00,0:05:00,1,水曜,
2026/09/16,CAWOCP004,オンライン停止処理,2026/09/16,21:30:00,2026/09/16,21:38:00,0:08:00,1,水曜,
2026/09/16,CAWOCP004,業後処理,2026/09/16,22:32:00,2026/09/16,22:44:00,0:12:00,2,水曜,
2026/09/16,CAWOCP004,リスト反映処理,2026/09/17,00:30:00,2026/09/17,01:12:00,1:42:00,1,水曜,
2026/09/17,CAWOCP003,オンライン開始処理,2026/09/17,07:02:00,2026/09/17,07:06:00,0:04:00,1,木曜,
2026/09/17,CAWOCP003,二次バックアップ処理,2026/09/17,14:02:00,2026/09/17,14:07:00,0:05:00,1,木曜,
2026/09/17,CAWOCP003,二次バックアップ強制終了処理,2026/09/17,20:02:00,2026/09/17,20:04:00,0:02:00,1,木曜,
2026/09/17,CAWOCP003,オンライン停止処理,2026/09/17,21:32:00,2026/09/17,21:33:00,0:01:00,1,木曜,
2026/09/17,CAWOCP003,リスト作成処理・リスト反映処理,2026/09/17,22:02:00,2026/09/17,22:19:00,0:17:00,2,木曜,
2026/09/17,CAWOCP003,業後処理,2026/09/17,22:32:00,2026/09/17,22:47:00,0:15:00,3,木曜,
2026/09/17,CAWOCP003,環境初期化処理,2026/09/18,01:06:00,2026/09/18,01:13:00,0:07:00,1,木曜,
2026/09/17,CAWOCP003,全量フィルタリング,2026/09/18,01:12:00,2026/09/18,02:25:00,1:13:00,1,木曜,
2026/09/17,CAWOCP003,対象ファイル到着時間チェック処理,2026/09/18,02:22:00,2026/09/18,02:26:00,0:04:00,1,木曜,
2026/09/17,CAWOCP003,ユーザ情報取込処理,2026/09/18,02:23:00,2026/09/18,02:24:00,0:01:00,1,木曜,
2026/09/17,CAWOCP003,差分CIFバッチフィルタリング処理,2026/09/18,02:29:00,2026/09/18,02:37:00,0:08:00,1,木曜,
2026/09/17,CAWOCP003,検索対象者一覧バッチフィルタリング処理,2026/09/18,02:36:00,2026/09/18,02:41:00,0:05:00,1,木曜,
2026/09/17,CAWOCP003,バッチフィルタリング後処理,2026/09/18,02:41:00,2026/09/18,02:43:00,0:02:00,1,木曜,
2026/09/17,CAWOCP004,オンライン開始処理,2026/09/17,07:02:00,2026/09/17,07:08:00,0:06:00,1,木曜,
2026/09/17,CAWOCP004,オンライン停止処理,2026/09/17,21:31:00,2026/09/17,21:39:00,0:08:00,1,木曜,
2026/09/17,CAWOCP004,業後処理,2026/09/17,22:32:00,2026/09/17,22:42:00,0:10:00,2,木曜,
2026/09/17,CAWOCP004,リスト反映処理,2026/09/18,00:32:00,2026/09/18,01:14:00,1:42:00,1,木曜,
2026/09/18,CAWOCP003,オンライン開始処理,2026/09/18,07:02:00,2026/09/18,07:07:00,0:05:00,1,金曜,
2026/09/18,CAWOCP003,二次バックアップ処理,2026/09/18,14:01:00,2026/09/18,14:05:00,0:04:00,1,金曜,
2026/09/18,CAWOCP003,二次バックアップ強制終了処理,2026/09/18,20:01:00,2026/09/18,20:04:00,0:03:00,1,金曜,
2026/09/18,CAWOCP003,オンライン停止処理,2026/09/18,21:32:00,2026/09/18,21:35:00,0:03:00,1,金曜,
2026/09/18,CAWOCP003,リスト作成処理・リスト反映処理,2026/09/18,22:02:00,2026/09/18,22:18:00,0:16:00,2,金曜,
2026/09/18,CAWOCP003,業後処理,2026/09/18,22:30:00,2026/09/18,22:43:00,0:13:00,3,金曜,
2026/09/18,CAWOCP003,環境初期化処理,2026/09/19,01:05:00,2026/09/19,01:11:00,0:06:00,1,金曜,
2026/09/18,CAWOCP003,全量フィルタリング,2026/09/19,01:10:00,2026/09/19,02:37:00,1:27:00,1,金曜,
2026/09/18,CAWOCP003,対象ファイル到着時間チェック処理,2026/09/19,02:22:00,2026/09/19,02:26:00,0:04:00,1,金曜,
2026/09/18,CAWOCP003,ユーザ情報取込処理,2026/09/19,02:25:00,2026/09/19,02:26:00,0:01:00,1,金曜,
2026/09/18,CAWOCP003,差分CIFバッチフィルタリング処理,2026/09/19,02:31:00,2026/09/19,02:37:00,0:06:00,1,金曜,
2026/09/18,CAWOCP003,検索対象者一覧バッチフィルタリング処理,2026/09/19,02:37:00,2026/09/19,02:42:00,0:05:00,1,金曜,
2026/09/18,CAWOCP003,バッチフィルタリング後処理,2026/09/19,02:41:00,2026/09/19,02:43:00,0:02:00,1,金曜,
2026/09/18,CAWOCP004,オンライン開始処理,2026/09/18,07:01:00,2026/09/18,07:06:00,0:05:00,1,金曜,
2026/09/18,CAWOCP004,オンライン停止処理,2026/09/18,21:31:00,2026/09/18,21:36:00,0:05:00,1,金曜,
2026/09/18,CAWOCP004,業後処理,2026/09/18,22:31:00,2026/09/18,22:41:00,0:10:00,2,金曜,
2026/09/18,CAWOCP004,リスト反映処理,2026/09/19,00:30:00,2026/09/19,01:11:00,1:41:00,1,金曜,
2026/09/19,CAWOCP003,オンライン開始処理,2026/09/19,07:02:00,2026/09/19,07:09:00,0:07:00,1,土曜,
2026/09/19,CAWOCP003,二次バックアップ処理,2026/09/19,14:01:00,2026/09/19,14:05:00,0:04:00,1,土曜,
2026/09/19,CAWOCP003,二次バックアップ強制終了処理,2026/09/19,20:02:00,2026/09/19,20:04:00,0:02:00,1,土曜,
2026/09/19,CAWOCP003,オンライン停止処理,2026/09/19,21:31:00,2026/09/19,21:32:00,0:01:00,1,土曜,
2026/09/19,CAWOCP003,リスト作成処理・リスト反映処理,2026/09/19,22:02:00,2026/09/19,22:18:00,0:16:00,2,土曜,
2026/09/19,CAWOCP003,業後処理,2026/09/19,22:31:00,2026/09/19,22:43:00,0:12:00,3,土曜,
2026/09/19,CAWOCP003,環境初期化処理,2026/09/20,01:05:00,2026/09/20,01:11:00,0:06:00,1,土曜,
2026/09/19,CAWOCP003,全量フィルタリング,2026/09/20,01:12:00,2026/09/20,02:23:00,1:11:00,1,土曜,
2026/09/19,CAWOCP003,対象ファイル到着時間チェック処理,2026/09/20,02:23:00,2026/09/20,02:26:00,0:03:00,1,土曜,
2026/09/19,CAWOCP003,ユーザ情報取込処理,2026/09/20,02:23:00,2026/09/20,02:27:00,0:04:00,1,土曜,
2026/09/19,CAWOCP003,差分CIFバッチフィルタリング処理,2026/09/20,02:29:00,2026/09/20,02:36:00,0:07:00,1,土曜,
2026/09/19,CAWOCP003,検索対象者一覧バッチフィルタリング処理,2026/09/20,02:36:00,2026/09/20,02:42:00,0:06:00,1,土曜,
2026/09/19,CAWOCP003,バッチフィルタリング後処理,2026/09/20,02:41:00,2026/09/20,02:45:00,0:04:00,1,土曜,
2026/09/19,CAWOCP004,オンライン開始処理,2026/09/19,07:02:00,2026/09/19,07:06:00,0:04:00,1,土曜,
2026/09/19,CAWOCP004,オンライン停止処理,2026/09/19,21:30:00,2026/09/19,21:37:00,0:07:00,1,土曜,
2026/09/19,CAWOCP004,業後処理,2026/09/19,22:31:00,2026/09/19,22:43:00,0:12:00,2,土曜,
2026/09/19,CAWOCP004,リスト反映処理,2026/09/20,00:31:00,2026/09/20,01:12:00,1:41:00,1,土曜,
2026/09/20,CAWOCP003,オンライン開始処理,2026/09/20,07:01:00,2026/09/20,07:07:00,0:06:00,1,日曜,
2026/09/20,CAWOCP003,二次バックアップ処理,2026/09/20,14:02:00,2026/09/20,14:05:00,0:03:00,1,日曜,
2026/09/20,CAWOCP003,二次バックアップ強制終了処理,2026/09/20,20:01:00,2026/09/20,20:03:00,0:02:00,1,日曜,
2026/09/20,CAWOCP003,オンライン停止処理,2026/09/20,21:32:00,2026/09/20,21:34:00,0:02:00,1,日曜,
2026/09/20,CAWOCP003,リスト作成処理,2026/09/20,22:00:00,2026/09/20,22:16:00,0:16:00,1,日曜,
2026/09/20,CAWOCP003,業後処理（週末）,2026/09/20,22:30:00,2026/09/21,00:54:00,2:24:00,3,日曜,
2026/09/20,CAWOCP003,環境初期化処理,2026/09/21,01:07:00,2026/09/21,01:13:00,0:06:00,1,日曜,
2026/09/20,CAWOCP003,全量フィルタリング,2026/09/21,01:11:00,2026/09/21,02:21:00,1:10:00,1,日曜,
2026/09/20,CAWOCP003,対象ファイル到着時間チェック処理,2026/09/21,02:22:00,2026/09/21,02:23:00,0:01:00,1,日曜,
2026/09/20,CAWOCP003,ユーザ情報取込処理,2026/09/21,02:25:00,2026/09/21,02:29:00,0:04:00,1,日曜,
2026/09/20,CAWOCP003,差分CIFバッチフィルタリング処理,2026/09/21,02:29:00,2026/09/21,02:36:00,0:07:00,1,日曜,
2026/09/20,CAWOCP003,検索対象者一覧バッチフィルタリング処理,2026/09/21,02:35:00,2026/09/21,02:43:00,0:08:00,1,日曜,
2026/09/20,CAWOCP003,バッチフィルタリング後処理,2026/09/21,02:41:00,2026/09/21,02:43:00,0:02:00,1,日曜,
2026/09/20,CAWOCP004,オンライン開始処理,2026/09/20,07:00:00,2026/09/20,07:07:00,0:07:00,1,日曜,
2026/09/20,CAWOCP004,オンライン停止処理,2026/09/20,21:30:00,2026/09/20,21:37:00,0:07:00,1,日曜,
2026/09/20,CAWOCP004,業後処理（週末）,2026/09/20,22:30:00,2026/09/21,00:52:00,2:22:00,2,日曜,
2026/09/20,CAWOCP004,リスト反映処理,2026/09/21,00:32:00,2026/09/21,01:12:00,1:40:00,1,日曜,
2026/09/21,CAWOCP003,オンライン開始処理,2026/09/21,07:02:00,2026/09/21,07:06:00,0:04:00,1,月曜,
2026/09/21,CAWOCP003,二次バックアップ処理,2026/09/21,14:01:00,2026/09/21,14:06:00,0:05:00,1,月曜,
2026/09/21,CAWOCP003,二次バックアップ強制終了処理,2026/09/21,20:01:00,2026/09/21,20:04:00,0:03:00,1,月曜,
2026/09/21,CAWOCP003,オンライン停止処理,2026/09/21,21:30:00,2026/09/21,21:32:00,0:02:00,1,月曜,
2026/09/21,CAWOCP003,リスト作成処理・リスト反映処理,2026/09/21,22:02:00,2026/09/21,22:18:00,0:16:00,2,月曜,
2026/09/21,CAWOCP003,業後処理,2026/09/21,22:31:00,2026/09/21,22:45:00,0:14:00,3,月曜,
2026/09/21,CAWOCP003,環境初期化処理,2026/09/22,01:07:00,2026/09/22,01:11:00,0:04:00,1,月曜,
2026/09/21,CAWOCP003,全量フィルタリング,2026/09/22,01:12:00,2026/09/22,02:25:00,1:13:00,1,月曜,
2026/09/21,CAWOCP003,対象ファイル到着時間チェック処理,2026/09/22,02:23:00,2026/09/22,02:26:00,0:03:00,1,月曜,
2026/09/21,CAWOCP003,ユーザ情報取込処理,2026/09/22,02:24:00,2026/09/22,02:27:00,0:03:00,1,月曜,
2026/09/21,CAWOCP003,差分CIFバッチフィルタリング処理,2026/09/22,02:29:00,2026/09/22,02:37:00,0:08:00,1,月曜,
2026/09/21,CAWOCP003,検索対象者一覧バッチフィルタリング処理,2026/09/22,02:35:00,2026/09/22,02:41:00,0:06:00,1,月曜,
2026/09/21,CAWOCP003,バッチフィルタリング後処理,2026/09/22,02:42:00,2026/09/22,02:44:00,0:02:00,1,月曜,
2026/09/21,CAWOCP004,オンライン開始処理,2026/09/21,07:00:00,2026/09/21,07:05:00,0:05:00,1,月曜,
2026/09/21,CAWOCP004,オンライン停止処理,2026/09/21,21:32:00,2026/09/21,21:38:00,0:06:00,1,月曜,
2026/09/21,CAWOCP004,業後処理,2026/09/21,22:31:00,2026/09/21,22:44:00,0:13:00,2,月曜,
2026/09/21,CAWOCP004,リスト反映処理,2026/09/22,00:32:00,2026/09/22,01:14:00,1:42:00,1,月曜,
2026/09/22,CAWOCP003,オンライン開始処理,2026/09/22,07:01:00,2026/09/22,07:06:00,0:05:00,1,火曜,
2026/09/22,CAWOCP003,二次バックアップ処理,2026/09/22,14:01:00,2026/09/22,14:06:00,0:05:00,1,火曜,
2026/09/22,CAWOCP003,二次バックアップ強制終了処理,2026/09/22,20:01:00,2026/09/22,20:03:00,0:02:00,1,火曜,
2026/09/22,CAWOCP003,オンライン停止処理,2026/09/22,21:32:00,2026/09/22,21:36:00,0:04:00,1,火曜,
2026/09/22,CAWOCP003,リスト作成処理・リスト反映処理,2026/09/22,22:02:00,2026/09/22,22:21:00,0:19:00,2,火曜,
2026/09/22,CAWOCP003,業後処理,2026/09/22,22:32:00,2026/09/22,22:45:00,0:13:00,3,火曜,
2026/09/22,CAWOCP003,環境初期化処理,2026/09/23,01:05:00,2026/09/23,01:10:00,0:05:00,1,火曜,
2026/09/22,CAWOCP003,全量フィルタリング,2026/09/23,01:12:00,2026/09/23,02:24:00,1:12:00,1,火曜,
2026/09/22,CAWOCP003,対象ファイル到着時間チェック処理,2026/09/23,02:21:00,2026/09/23,02:24:00,0:03:00,1,火曜,
2026/09/22,CAWOCP003,ユーザ情報取込処理,2026/09/23,02:25:00,2026/09/23,02:29:00,0:04:00,1,火曜,
2026/09/22,CAWOCP003,差分CIFバッチフィルタリング処理,2026/09/23,02:30:00,2026/09/23,02:35:00,0:05:00,1,火曜,
2026/09/22,CAWOCP003,検索対象者一覧バッチフィルタリング処理,2026/09/23,02:37:00,2026/09/23,02:45:00,0:08:00,1,火曜,
2026/09/22,CAWOCP003,バッチフィルタリング後処理,2026/09/23,02:41:00,2026/09/23,02:45:00,0:04:00,1,火曜,
2026/09/22,CAWOCP004,オンライン開始処理,2026/09/22,07:01:00,2026/09/22,07:06:00,0:05:00,1,火曜,
2026/09/22,CAWOCP004,オンライン停止処理,2026/09/22,21:32:00,2026/09/22,21:40:00,0:08:00,1,火曜,
2026/09/22,CAWOCP004,業後処理,2026/09/22,22:31:00,2026/09/22,22:41:00,0:10:00,2,火曜,
2026/09/22,CAWOCP004,リスト反映処理,2026/09/23,00:31:00,2026/09/23,01:13:00,1:42:00,1,火曜,
2026/09/23,CAWOCP003,オンライン開始処理,2026/09/23,07:01:00,2026/09/23,07:07:00,0:06:00,1,水曜,
2026/09/23,CAWOCP003,二次バックアップ処理,2026/09/23,14:01:00,2026/09/23,14:05:00,0:04:00,1,水曜,
2026/09/23,CAWOCP003,二次バックアップ強制終了処理,2026/09/23,20:02:00,2026/09/23,20:04:00,0:02:00,1,水曜,
2026/09/23,CAWOCP003,オンライン停止処理,2026/09/23,21:31:00,2026/09/23,21:34:00,0:03:00,1,水曜,
2026/09/23,CAWOCP003,リスト作成処理・リスト反映処理,2026/09/23,22:00:00,2026/09/23,22:17:00,0:17:00,2,水曜,
2026/09/23,CAWOCP003,業後処理,2026/09/23,22:30:00,2026/09/23,22:42:00,0:12:00,3,水曜,
2026/09/23,CAWOCP003,環境初期化処理,2026/09/24,01:05:00,2026/09/24,01:10:00,0:05:00,1,水曜,
2026/09/23,CAWOCP003,全量フィルタリング,2026/09/24,01:10:00,2026/09/24,02:20:00,1:10:00,1,水曜,
2026/09/23,CAWOCP003,対象ファイル到着時間チェック処理,2026/09/24,02:21:00,2026/09/24,02:22:00,0:01:00,1,水曜,
2026/09/23,CAWOCP003,ユーザ情報取込処理,2026/09/24,02:24:00,2026/09/24,02:28:00,0:04:00,1,水曜,
2026/09/23,CAWOCP003,差分CIFバッチフィルタリング処理,2026/09/24,02:30:00,2026/09/24,02:37:00,0:07:00,1,水曜,
2026/09/23,CAWOCP003,検索対象者一覧バッチフィルタリング処理,2026/09/24,02:35:00,2026/09/24,02:42:00,0:07:00,1,水曜,
2026/09/23,CAWOCP003,バッチフィルタリング後処理,2026/09/24,02:42:00,2026/09/24,02:44:00,0:02:00,1,水曜,
2026/09/23,CAWOCP004,オンライン開始処理,2026/09/23,07:00:00,2026/09/23,07:04:00,0:04:00,1,水曜,
2026/09/23,CAWOCP004,オンライン停止処理,2026/09/23,21:31:00,2026/09/23,21:38:00,0:07:00,1,水曜,
2026/09/23,CAWOCP004,業後処理,2026/09/23,22:32:00,2026/09/23,22:43:00,0:11:00,2,水曜,
2026/09/23,CAWOCP004,リスト反映処理,2026/09/24,00:32:00,2026/09/24,01:13:00,1:41:00,1,水曜,
2026/09/24,CAWOCP003,オンライン開始処理,2026/09/24,07:01:00,2026/09/24,07:05:00,0:04:00,1,木曜,
2026/09/24,CAWOCP003,二次バックアップ処理,2026/09/24,14:00:00,2026/09/24,14:04:00,0:04:00,1,木曜,
2026/09/24,CAWOCP003,二次バックアップ強制終了処理,2026/09/24,20:01:00,2026/09/24,20:02:00,0:01:00,1,木曜,
2026/09/24,CAWOCP003,オンライン停止処理,2026/09/24,21:30:00,2026/09/24,21:33:00,0:03:00,1,木曜,
2026/09/24,CAWOCP003,リスト作成処理・リスト反映処理,2026/09/24,22:02:00,2026/09/24,22:18:00,0:16:00,2,木曜,
2026/09/24,CAWOCP003,業後処理,2026/09/24,22:30:00,2026/09/24,22:43:00,0:13:00,3,木曜,
2026/09/24,CAWOCP003,環境初期化処理,2026/09/25,01:07:00,2026/09/25,01:12:00,0:05:00,1,木曜,
2026/09/24,CAWOCP003,全量フィルタリング,2026/09/25,01:11:00,2026/09/25,02:23:00,1:12:00,1,木曜,
2026/09/24,CAWOCP003,対象ファイル到着時間チェック処理,2026/09/25,02:21:00,2026/09/25,02:25:00,0:04:00,1,木曜,
2026/09/24,CAWOCP003,ユーザ情報取込処理,2026/09/25,02:25:00,2026/09/25,02:27:00,0:02:00,1,木曜,
2026/09/24,CAWOCP003,差分CIFバッチフィルタリング処理,2026/09/25,02:30:00,2026/09/25,02:38:00,0:08:00,1,木曜,
2026/09/24,CAWOCP003,検索対象者一覧バッチフィルタリング処理,2026/09/25,02:37:00,2026/09/25,02:43:00,0:06:00,1,木曜,
2026/09/24,CAWOCP003,バッチフィルタリング後処理,2026/09/25,02:41:00,2026/09/25,02:45:00,0:04:00,1,木曜,
2026/09/24,CAWOCP004,オンライン開始処理,2026/09/24,07:01:00,2026/09/24,07:05:00,0:04:00,1,木曜,
2026/09/24,CAWOCP004,オンライン停止処理,2026/09/24,21:31:00,2026/09/24,21:39:00,0:08:00,1,木曜,
2026/09/24,CAWOCP004,業後処理,2026/09/24,22:30:00,2026/09/24,22:41:00,0:11:00,2,木曜,
2026/09/24,CAWOCP004,リスト反映処理,2026/09/25,00:31:00,2026/09/25,01:14:00,1:43:00,1,木曜,
2026/09/25,CAWOCP003,オンライン開始処理,2026/09/25,07:01:00,2026/09/25,07:08:00,0:07:00,1,金曜,
2026/09/25,CAWOCP003,二次バックアップ処理,2026/09/25,14:01:00,2026/09/25,14:04:00,0:03:00,1,金曜,
2026/09/25,CAWOCP003,二次バックアップ強制終了処理,2026/09/25,20:00:00,2026/09/25,20:04:00,0:04:00,1,金曜,
2026/09/25,CAWOCP003,オンライン停止処理,2026/09/25,21:32:00,2026/09/25,21:35:00,0:03:00,1,金曜,
2026/09/25,CAWOCP003,リスト作成処理・リスト反映処理,2026/09/25,22:01:00,2026/09/25,22:19:00,0:18:00,2,金曜,
2026/09/25,CAWOCP003,業後処理,2026/09/25,22:31:00,2026/09/25,22:45:00,0:14:00,3,金曜,
2026/09/25,CAWOCP003,環境初期化処理,2026/09/26,01:07:00,2026/09/26,01:11:00,0:04:00,1,金曜,
2026/09/25,CAWOCP003,全量フィルタリング,2026/09/26,01:10:00,2026/09/26,02:20:00,1:10:00,1,金曜,
2026/09/25,CAWOCP003,対象ファイル到着時間チェック処理,2026/09/26,02:22:00,2026/09/26,02:24:00,0:02:00,1,金曜,
2026/09/25,CAWOCP003,ユーザ情報取込処理,2026/09/26,02:25:00,2026/09/26,02:29:00,0:04:00,1,金曜,
2026/09/25,CAWOCP003,差分CIFバッチフィルタリング処理,2026/09/26,02:30:00,2026/09/26,02:38:00,0:08:00,1,金曜,
2026/09/25,CAWOCP003,検索対象者一覧バッチフィルタリング処理,2026/09/26,02:36:00,2026/09/26,02:42:00,0:06:00,1,金曜,
2026/09/25,CAWOCP003,バッチフィルタリング後処理,2026/09/26,02:42:00,2026/09/26,02:46:00,0:04:00,1,金曜,
2026/09/25,CAWOCP004,オンライン開始処理,2026/09/25,07:00:00,2026/09/25,07:04:00,0:04:00,1,金曜,
2026/09/25,CAWOCP004,オンライン停止処理,2026/09/25,21:32:00,2026/09/25,21:39:00,0:07:00,1,金曜,
2026/09/25,CAWOCP004,業後処理,2026/09/25,22:32:00,2026/09/25,22:44:00,0:12:00,2,金曜,
2026/09/25,CAWOCP004,リスト反映処理,2026/09/26,00:30:00,2026/09/26,01:13:00,1:43:00,1,金曜,
2026/09/26,CAWOCP003,オンライン開始処理,2026/09/26,07:02:00,2026/09/26,07:07:00,0:05:00,1,土曜,
2026/09/26,CAWOCP003,二次バックアップ処理,2026/09/26,14:02:00,2026/09/26,14:04:00,0:02:00,1,土曜,
2026/09/26,CAWOCP003,二次バックアップ強制終了処理,2026/09/26,20:00:00,2026/09/26,20:02:00,0:02:00,1,土曜,
2026/09/26,CAWOCP003,オンライン停止処理,2026/09/26,21:32:00,2026/09/26,21:33:00,0:01:00,1,土曜,
2026/09/26,CAWOCP003,リスト作成処理・リスト反映処理,2026/09/26,22:00:00,2026/09/26,22:16:00,0:16:00,2,土曜,
2026/09/26,CAWOCP003,業後処理,2026/09/26,22:30:00,2026/09/26,22:45:00,0:15:00,3,土曜,
2026/09/26,CAWOCP003,環境初期化処理,2026/09/27,01:06:00,2026/09/27,01:11:00,0:05:00,1,土曜,
2026/09/26,CAWOCP003,全量フィルタリング,2026/09/27,01:10:00,2026/09/27,02:21:00,1:11:00,1,土曜,
2026/09/26,CAWOCP003,対象ファイル到着時間チェック処理,2026/09/27,02:23:00,2026/09/27,02:24:00,0:01:00,1,土曜,
2026/09/26,CAWOCP003,ユーザ情報取込処理,2026/09/27,02:24:00,2026/09/27,02:26:00,0:02:00,1,土曜,
2026/09/26,CAWOCP003,差分CIFバッチフィルタリング処理,2026/09/27,02:30:00,2026/09/27,02:38:00,0:08:00,1,土曜,
2026/09/26,CAWOCP003,検索対象者一覧バッチフィルタリング処理,2026/09/27,02:36:00,2026/09/27,02:42:00,0:06:00,1,土曜,
2026/09/26,CAWOCP003,バッチフィルタリング後処理,2026/09/27,02:41:00,2026/09/27,02:43:00,0:02:00,1,土曜,
2026/09/26,CAWOCP004,オンライン開始処理,2026/09/26,07:00:00,2026/09/26,07:04:00,0:04:00,1,土曜,
2026/09/26,CAWOCP004,オンライン停止処理,2026/09/26,21:30:00,2026/09/26,21:36:00,0:06:00,1,土曜,
2026/09/26,CAWOCP004,業後処理,2026/09/26,22:32:00,2026/09/26,22:45:00,0:13:00,2,土曜,
2026/09/26,CAWOCP004,リスト反映処理,2026/09/27,00:31:00,2026/09/27,01:13:00,1:42:00,1,土曜,
2026/09/27,CAWOCP003,オンライン開始処理,2026/09/27,07:01:00,2026/09/27,07:08:00,0:07:00,1,日曜,
2026/09/27,CAWOCP003,二次バックアップ処理,2026/09/27,14:01:00,2026/09/27,14:03:00,0:02:00,1,日曜,
2026/09/27,CAWOCP003,二次バックアップ強制終了処理,2026/09/27,20:00:00,2026/09/27,20:02:00,0:02:00,1,日曜,
2026/09/27,CAWOCP003,オンライン停止処理,2026/09/27,21:32:00,2026/09/27,21:35:00,0:03:00,1,日曜,
2026/09/27,CAWOCP003,リスト作成処理,2026/09/27,22:02:00,2026/09/27,22:19:00,0:17:00,1,日曜,
2026/09/27,CAWOCP003,業後処理（週末）,2026/09/27,22:30:00,2026/09/28,00:52:00,2:22:00,3,日曜,
2026/09/27,CAWOCP003,環境初期化処理,2026/09/28,01:07:00,2026/09/28,01:14:00,0:07:00,1,日曜,
2026/09/27,CAWOCP003,全量フィルタリング,2026/09/28,01:10:00,2026/09/28,03:31:00,2:21:00,1,日曜,
2026/09/27,CAWOCP003,対象ファイル到着時間チェック処理,2026/09/28,02:21:00,2026/09/28,02:22:00,0:01:00,1,日曜,
2026/09/27,CAWOCP003,ユーザ情報取込処理,2026/09/28,02:24:00,2026/09/28,02:25:00,0:01:00,1,日曜,
2026/09/27,CAWOCP003,差分CIFバッチフィルタリング処理,2026/09/28,02:29:00,2026/09/28,03:17:00,1:48:00,1,日曜,
2026/09/27,CAWOCP003,検索対象者一覧バッチフィルタリング処理,2026/09/28,02:35:00,2026/09/28,03:26:00,1:51:00,1,日曜,
2026/09/27,CAWOCP003,バッチフィルタリング後処理,2026/09/28,02:41:00,2026/09/28,03:36:00,1:55:00,1,日曜,
2026/09/27,CAWOCP004,オンライン開始処理,2026/09/27,07:01:00,2026/09/27,07:05:00,0:04:00,1,日曜,
2026/09/27,CAWOCP004,オンライン停止処理,2026/09/27,21:31:00,2026/09/27,21:37:00,0:06:00,1,日曜,
2026/09/27,CAWOCP004,業後処理（週末）,2026/09/27,22:30:00,2026/09/28,00:55:00,2:25:00,2,日曜,
2026/09/27,CAWOCP004,リスト反映処理,2026/09/28,00:31:00,2026/09/28,01:13:00,1:42:00,1,日曜,
2026/09/28,CAWOCP003,オンライン開始処理,2026/09/28,07:02:00,2026/09/28,07:06:00,0:04:00,1,月曜,
2026/09/28,CAWOCP003,二次バックアップ処理,2026/09/28,14:01:00,2026/09/28,14:03:00,0:02:00,1,月曜,
2026/09/28,CAWOCP003,二次バックアップ強制終了処理,2026/09/28,20:00:00,2026/09/28,20:03:00,0:03:00,1,月曜,
2026/09/28,CAWOCP003,オンライン停止処理,2026/09/28,21:31:00,2026/09/28,21:35:00,0:04:00,1,月曜,
2026/09/28,CAWOCP003,リスト作成処理・リスト反映処理,2026/09/28,22:02:00,2026/09/28,22:21:00,0:19:00,2,月曜,
2026/09/28,CAWOCP003,業後処理,2026/09/28,22:31:00,2026/09/28,22:43:00,0:12:00,3,月曜,
2026/09/28,CAWOCP003,環境初期化処理,2026/09/29,01:07:00,2026/09/29,01:11:00,0:04:00,1,月曜,
2026/09/28,CAWOCP003,全量フィルタリング,2026/09/29,01:10:00,2026/09/29,02:22:00,1:12:00,1,月曜,
2026/09/28,CAWOCP003,対象ファイル到着時間チェック処理,2026/09/29,02:22:00,2026/09/29,02:24:00,0:02:00,1,月曜,
2026/09/28,CAWOCP003,ユーザ情報取込処理,2026/09/29,02:25:00,2026/09/29,02:29:00,0:04:00,1,月曜,
2026/09/28,CAWOCP003,差分CIFバッチフィルタリング処理,2026/09/29,02:31:00,2026/09/29,02:38:00,0:07:00,1,月曜,
2026/09/28,CAWOCP003,検索対象者一覧バッチフィルタリング処理,2026/09/29,02:36:00,2026/09/29,02:44:00,0:08:00,1,月曜,
2026/09/28,CAWOCP003,バッチフィルタリング後処理,2026/09/29,02:42:00,2026/09/29,02:45:00,0:03:00,1,月曜,
2026/09/28,CAWOCP004,オンライン開始処理,2026/09/28,07:00:00,2026/09/28,07:06:00,0:06:00,1,月曜,
2026/09/28,CAWOCP004,オンライン停止処理,2026/09/28,21:32:00,2026/09/28,21:37:00,0:05:00,1,月曜,
2026/09/28,CAWOCP004,業後処理,2026/09/28,22:32:00,2026/09/28,22:45:00,0:13:00,2,月曜,
2026/09/28,CAWOCP004,リスト反映処理,2026/09/29,00:31:00,2026/09/29,01:11:00,1:40:00,1,月曜,
2026/09/29,CAWOCP003,オンライン開始処理,2026/09/29,07:01:00,2026/09/29,07:08:00,0:07:00,1,火曜,
2026/09/29,CAWOCP003,二次バックアップ処理,2026/09/29,14:00:00,2026/09/29,14:02:00,0:02:00,1,火曜,
2026/09/29,CAWOCP003,二次バックアップ強制終了処理,2026/09/29,20:00:00,2026/09/29,20:03:00,0:03:00,1,火曜,
2026/09/29,CAWOCP003,オンライン停止処理,2026/09/29,21:31:00,2026/09/29,21:35:00,0:04:00,1,火曜,
2026/09/29,CAWOCP003,リスト作成処理・リスト反映処理,2026/09/29,22:00:00,2026/09/29,22:18:00,0:18:00,2,火曜,
2026/09/29,CAWOCP003,業後処理,2026/09/29,22:31:00,2026/09/29,22:45:00,0:14:00,3,火曜,
2026/09/29,CAWOCP003,環境初期化処理,2026/09/30,01:07:00,2026/09/30,01:12:00,0:05:00,1,火曜,
2026/09/29,CAWOCP003,全量フィルタリング,2026/09/30,01:11:00,2026/09/30,02:24:00,1:13:00,1,火曜,
2026/09/29,CAWOCP003,対象ファイル到着時間チェック処理,2026/09/30,02:22:00,2026/09/30,02:24:00,0:02:00,1,火曜,
2026/09/29,CAWOCP003,ユーザ情報取込処理,2026/09/30,02:23:00,2026/09/30,02:26:00,0:03:00,1,火曜,
2026/09/29,CAWOCP003,差分CIFバッチフィルタリング処理,2026/09/30,02:29:00,2026/09/30,02:34:00,0:05:00,1,火曜,
2026/09/29,CAWOCP003,検索対象者一覧バッチフィルタリング処理,2026/09/30,02:36:00,2026/09/30,02:41:00,0:05:00,1,火曜,
2026/09/29,CAWOCP003,バッチフィルタリング後処理,2026/09/30,02:43:00,2026/09/30,02:47:00,0:04:00,1,火曜,
2026/09/29,CAWOCP004,オンライン開始処理,2026/09/29,07:02:00,2026/09/29,07:06:00,0:04:00,1,火曜,
2026/09/29,CAWOCP004,オンライン停止処理,2026/09/29,21:31:00,2026/09/29,21:38:00,0:07:00,1,火曜,
2026/09/29,CAWOCP004,業後処理,2026/09/29,22:30:00,2026/09/29,22:43:00,0:13:00,2,火曜,
2026/09/29,CAWOCP004,リスト反映処理,2026/09/30,00:31:00,2026/09/30,01:11:00,1:40:00,1,火曜,
2026/09/30,CAWOCP003,オンライン開始処理,2026/09/30,07:02:00,2026/09/30,07:09:00,0:07:00,1,水曜,
2026/09/30,CAWOCP003,二次バックアップ処理,2026/09/30,14:02:00,2026/09/30,14:04:00,0:02:00,1,水曜,
2026/09/30,CAWOCP003,二次バックアップ強制終了処理,2026/09/30,20:00:00,2026/09/30,20:04:00,0:04:00,1,水曜,
2026/09/30,CAWOCP003,オンライン停止処理,2026/09/30,21:30:00,2026/09/30,21:33:00,0:03:00,1,水曜,
2026/09/30,CAWOCP003,リスト作成処理・リスト反映処理,2026/09/30,22:01:00,2026/09/30,22:17:00,0:16:00,2,水曜,
2026/09/30,CAWOCP003,業後処理,2026/09/30,22:32:00,2026/09/30,22:46:00,0:14:00,3,水曜,
2026/09/30,CAWOCP003,環境初期化処理,2026/10/01,01:07:00,2026/10/01,01:13:00,0:06:00,1,水曜,
2026/09/30,CAWOCP003,全量フィルタリング,2026/10/01,01:11:00,2026/10/01,02:21:00,1:10:00,1,水曜,
2026/09/30,CAWOCP003,対象ファイル到着時間チェック処理,2026/10/01,02:22:00,2026/10/01,02:23:00,0:01:00,1,水曜,
2026/09/30,CAWOCP003,ユーザ情報取込処理,2026/10/01,02:25:00,2026/10/01,02:29:00,0:04:00,1,水曜,
2026/09/30,CAWOCP003,差分CIFバッチフィルタリング処理,2026/10/01,02:29:00,2026/10/01,02:34:00,0:05:00,1,水曜,
2026/09/30,CAWOCP003,検索対象者一覧バッチフィルタリング処理,2026/10/01,02:35:00,2026/10/01,02:41:00,0:06:00,1,水曜,
2026/09/30,CAWOCP003,バッチフィルタリング後処理,2026/10/01,02:43:00,2026/10/01,02:45:00,0:02:00,1,水曜,
2026/09/30,CAWOCP004,オンライン開始処理,2026/09/30,07:00:00,2026/09/30,07:05:00,0:05:00,1,水曜,
2026/09/30,CAWOCP004,オンライン停止処理,2026/09/30,21:32:00,2026/09/30,21:40:00,0:08:00,1,水曜,
2026/09/30,CAWOCP004,業後処理,2026/09/30,22:30:00,2026/09/30,22:41:00,0:11:00,2,水曜,
2026/09/30,CAWOCP004,リスト反映処理,2026/10/01,00:32:00,2026/10/01,01:14:00,1:42:00,1,水曜,
